"dialogue_id","line_no","speaker","portrait","clue","text","background"
"opening_prologue_1","1","","","","男女主在事务所内，李志正睡在地铺上。已是下午13点，陈雯音坐在李志身上打了他一个耳光，李志被吓醒坐起，陈雯音已坐到了一旁的凳子上。","assets/image/bg_office.png"
"opening_prologue_1","2","LiZhi","","","几点了？","assets/image/bg_office.png"
"opening_prologue_1","3","","","","李志看了眼墙上的时钟，显得有些慌张。","assets/image/bg_office.png"
"opening_prologue_1","4","LiZhi","","","1点了么？你是不是饿了雯雯？","assets/image/bg_office.png"
"opening_prologue_1","5","","","","陈雯音点了点头。","assets/image/bg_office.png"
"opening_prologue_2","1","","","","镜头切换，李志站在厨台前煮着泡面，陈雯音在一旁看着。","assets/image/bg_office.png"
"opening_prologue_2","2","LiZhi","","","你说热水器就在这里，你为什么就不能自己用来泡面呢？","assets/image/bg_office.png"
"opening_prologue_2","3","ChenWenyin","","","…","assets/image/bg_office.png"
"opening_prologue_2","4","","","","李志扭头看了陈雯音一眼。","assets/image/bg_office.png"
"opening_prologue_2","5","LiZhi","","","唉…我记得你以前还会叫我舅舅的，现在怎么都不会说话了呢？","assets/image/bg_office.png"
"opening_prologue_3","1","","","","（画面切入回忆，黑屏显示：2036年8月8日 14:20）","assets/image/bg_office.png"
"opening_prologue_3","2","","","","李志在房间门内，李志姐姐和陈雯音在房间门外。","assets/image/bg_office.png"
"opening_prologue_3","3","LiZhi","","","不是吧老姐，你真放心把你女儿让我来带啊？","assets/image/bg_office.png"
"opening_prologue_3","4","LiZhiSister","","","爸妈都出去旅游了，我不找你还能找谁？","assets/image/bg_office.png"
"opening_prologue_3","5","LiZhi","","","可是我从来没带过小孩啊？！","assets/image/bg_office.png"
"opening_prologue_3","6","LiZhiSister","","","雯雯很聪明，比你靠谱多了，不需要你瞎操心，你只要记得叫她吃饭，帮她铺好床垫就行了，其他的她自己会搞定的。","assets/image/bg_office.png"
"opening_prologue_3","7","ChenWenyin","","","…","assets/image/bg_office.png"
"opening_prologue_3","8","LiZhi","","","可是…","assets/image/bg_office.png"
"opening_prologue_3","9","LiZhiSister","","","十万。","assets/image/bg_office.png"
"opening_prologue_3","10","LiZhi","","","什么？！","assets/image/bg_office.png"
"opening_prologue_3","11","LiZhiSister","","","十万块，算你这两个月的养育费，外加万丽海湾大酒店的3日住宿。","assets/image/bg_office.png"
"opening_prologue_3","12","LiZhi","","","遵命，我亲爱的姐姐，就把雯雯放心交给我吧。","assets/image/bg_office.png"
"opening_prologue_3","13","LiZhi","","","雯雯，从今天开始多多指教啦。","assets/image/bg_office.png"
"opening_prologue_4","1","","","","切回原场景。两人坐在桌前吃泡面，桌子中间放着一台播放AI新闻的平板。","assets/image/bg_office.png"
"opening_prologue_4","2","NewsAnchor","","","据悉，这是近10年来第一次出现AI错误，目前磐安智能正在全力排查故障原因。","assets/image/bg_office.png"
"opening_prologue_4","3","LiZhi","","","好像你就是因为这次AI事故导致签证没能签下来是吧？","assets/image/bg_office.png"
"opening_prologue_4","4","","","","陈雯音点了点头，继续吃着面条。","assets/image/bg_office.png"
"opening_prologue_4","5","LiZhi","","","所以我就说吧，人类现在还是太依赖AI了，这么基本的问题换成是人早就当即解决了，真是有意思。","assets/image/bg_office.png"
"opening_prologue_4","6","","","","李志埋头嗦了一口面条。","assets/image/bg_office.png"
"opening_prologue_4","7","LiZhi","","","话说雯雯你行李收拾好了么？我们明天一早就出发咯。","assets/image/bg_office.png"
"opening_prologue_4","8","","","","陈雯音点头示意。","assets/image/bg_office.png"
"opening_prologue_5","1","","","","切换到事务所卧室，李志正对着衣柜翻找着什么。","assets/image/bg_office.png"
"opening_prologue_5","2","LiZhi","","","雯雯，有看到我的袜子吗？","assets/image/bg_office.png"
"opening_prologue_5_after","1","","","","陈雯音嫌弃地指了指柜子底层。",""
"opening_prologue_5_after","2","LiZhi","","","看到了看到了，还得是雯雯，住几天比我还了解这个家，嘿嘿。",""
"opening_chapter1_1","1","","","","李志一手插兜，把两张身份证递给酒店前台。陈雯音站在他右边，默默注视着身后一座会喷水的小型山景。",""
"opening_chapter1_1","2","FrontDesk","","","李先生您好，您预订的'海景行政套房'确认无误。请问……您是来参加本次'亚太智能终端交互峰会'的参会代表，对吧？",""
"opening_chapter1_1","3","LiZhi","","","峰会？——呃，不是，我只是带小孩来海边度个假的……我姐应该已经帮我们预定好了才对。",""
"opening_chapter1_1","4","FrontDesk","","","十分抱歉，李先生。本酒店已被峰会主办方联合包场，按安保要求，非参会核准人员无法办理入住。您这边的房间是由'澜星科技'走公账锁定的参会高管配额，需要出示参会代表凭证哦……",""
"opening_chapter1_1","5","LiZhi","","","该死……我就知道顶层海景房绝对没这么好白嫖。",""
"opening_chapter1_2","1","","","","镜头向右移动，许晴岚登场，递上一张卡片示意李志佩戴上。","assets/image/bg_hotel_lobby.png"
"opening_chapter1_2","2","XuQinglan","","","辛苦了。这是澜星科技特聘高级安全顾问'李志'先生的参会凭证，身份备案已经同步到峰会主控系统了，麻烦直接激活房卡吧。","assets/image/bg_hotel_lobby.png"
"opening_chapter1_2","3","FrontDesk","","","好的许助理！马上为您办理。","assets/image/bg_hotel_lobby.png"
"opening_chapter1_2","4","LiZhi","","","许晴岚？你怎么在这？","assets/image/bg_hotel_lobby.png"
"opening_chapter1_2","5","XuQinglan","","","那当然是应你姐的要求来带你见见世面啦，李顾问。","assets/image/bg_hotel_lobby.png"
"opening_chapter1_2","6","LiZhi","","","可我啥都不懂啊？！还有这头衔是什么鬼？","assets/image/bg_hotel_lobby.png"
"opening_chapter1_2","7","XuQinglan","","","放宽心，李大顾问。李总特意交代了，会场里各家大厂的商务对接、技术交流全由我一个人搞定，您只需要挂着这块牌子在大堂和自助餐厅随便晃晃就行。当然——李总的原话是：'既然顶了顾问的头衔白住八千八的套房，就老老实实呆在酒店安心度假'。","assets/image/bg_hotel_lobby.png"
"opening_chapter1_2","8","LiZhi","","","所以感情这种大型峰会，你们公司就派了你一个是吧？","assets/image/bg_hotel_lobby.png"
"opening_chapter1_2","9","XuQinglan","","","这不是还有你吗？不过你姐也说了，'这种一大堆老年人闲聊的交流会也没什么好参加的'，大概是这样。","assets/image/bg_hotel_lobby.png"
"opening_chapter1_2","10","LiZhi","","","好吧，不用我干活就行……","assets/image/bg_hotel_lobby.png"
"opening_chapter1_3","1","","","","镜头朝左移动至酒店入口。左侧进来5人，严成峰和赵恒并列走在最前面，磐安员工甲、乙跟在身后，周文最后提着大小包，唯唯诺诺不敢看众人。","assets/image/bg_hotel_lobby.png"
"opening_chapter1_3","2","PanganEmployee","","","周文，你能不能走快点？严总和赵总在前面，你缩在后面像个贼一样！等会儿进了套房，立刻把演示系统连上专线，要是峰会交流环节有投资人问起底层逻辑你答不上来，回公司有你好看的！","assets/image/bg_hotel_lobby.png"
"opening_chapter1_3","3","ZhouWen","","","是……组长，我知道了，数据已经在本地备好了……","assets/image/bg_hotel_lobby.png"
"opening_chapter1_3","4","","","","严成峰一行人在许晴岚面前停下。","assets/image/bg_hotel_lobby.png"
"opening_chapter1_3","5","YanChengfeng","","","哟，这不是澜星科技的许助理吗？怎么，你们李总和陈总自己不露面，就派你带了这么两位'重量级'专家过来参会？","assets/image/bg_hotel_lobby.png"
"opening_chapter1_3","6","YanChengfeng","","","现在的科技交流会门槛真是一年不如一年。一个穿得像来收旧电器的，还顺带拖家带口领个小毛孩。不知道的，还以为澜星科技连员工差旅费都发不出来，全家老小跑来五星级酒店蹭假期的。","assets/image/bg_hotel_lobby.png"
"opening_chapter1_3","7","XuQinglan","","","严总您真会说笑。我们李总向来注重效率，交流会这种场合，把实干的人派到位就够了，用不着摆出一副前呼后拥的威风排场。毕竟……真正的硬实力靠的是底层架构，而不是靠在走廊上大呼小叫训斥手下员工来找存在感，您说是吧？","assets/image/bg_hotel_lobby.png"
"opening_chapter1_3","8","XuQinglan","","","另外，大堂冷气足，严总可得注意身体。我看您这脚步虚浮、气喘不匀的，等会儿要是交流会还没开始就先倒下了，外界还以为是磐安智能的资金链压力太大，把严总累垮了呢。","assets/image/bg_hotel_lobby.png"
"opening_chapter1_3","9","YanChengfeng","","","你…呵…一个小小的助理，嘴皮子倒挺刻薄的。","assets/image/bg_hotel_lobby.png"
"opening_chapter1_3","10","ZhaoHeng","","","哎呀两位，消消气消消气！大家都是同行老朋友，许助理年轻气盛开个玩笑而已。坐了一路车大家都累了，先去办理入住，别耽误了正事！","assets/image/bg_hotel_lobby.png"
"opening_chapter1_3","11","YanChengfeng","","","哼。赵恒，带他们办手续。别在这里跟闲杂人等浪费唇舌。","assets/image/bg_hotel_lobby.png"
"opening_chapter1_4","1","","","","画面切换，刚才5人已离开大厅。陈雯音目视电梯的方向。","assets/image/bg_hotel_lobby.png"
"opening_chapter1_4","2","LiZhi","","","啧啧，许大助理，战力不减当年呐。","assets/image/bg_hotel_lobby.png"
"opening_chapter1_4","3","XuQinglan","","","呼……小意思。对待这种仗着资历作威作福的老古董，不刺他两句我简直浑身难受。","assets/image/bg_hotel_lobby.png"
"opening_chapter1_4","4","LiZhi","","","刚才那帮人什么来头？","assets/image/bg_hotel_lobby.png"
"opening_chapter1_4","5","XuQinglan","","","还能是谁？'磐安智能'的那帮高管。领头那个嘴碎的老头就是他们的联合创始人兼执行总裁——严成峰。业内出了名的专横跋扈、高压独裁，听说在他们公司内部，员工只要敢反驳他一句，当天就能卷铺盖滚蛋。","assets/image/bg_hotel_lobby.png"
"opening_chapter1_4","6","LiZhi","","","那旁边那个戴金丝眼镜、负责赔笑打圆场的呢？","assets/image/bg_hotel_lobby.png"
"opening_chapter1_4","7","XuQinglan","","","赵恒，磐安的另一位董事兼商务副总。标准的老好人面孔，专门负责在严成峰把人得罪光之后出来擦屁股、拉投资。至于严成峰身边那两个跟班，穿西装的是法务部的马屁精，另一个横眉竖眼的是他们技术部的中层组长。","assets/image/bg_hotel_lobby.png"
"opening_chapter1_4","8","LiZhi","","","好像他们最后还有一个人吧？","assets/image/bg_hotel_lobby.png"
"opening_chapter1_4","9","XuQinglan","","","最后那个我好像没什么印象了，不过很眼熟就是了。对了，房卡给你，如果雯雯有需要帮助的就来找我，我就在你们隔壁，知道了么？","assets/image/bg_hotel_lobby.png"
"opening_chapter1_4","10","","","","许晴岚递上房卡，此时电梯刚好到了。","assets/image/bg_hotel_lobby.png"
"opening_chapter1_4","11","LiZhi","","","好吧，不过在此之前，看来我得先跟我那个好姐姐'核对'一下。","assets/image/bg_hotel_lobby.png"
"opening_chapter1_5","1","","","","（画面切换，黑屏显示：2036年8月13日 10:17，万丽海湾大酒店 2510房）","assets/image/bg_hotel_room.png"
"opening_chapter1_5","2","","","","李志在房间里拿着手机与姐姐通话。","assets/image/bg_hotel_room.png"
"opening_chapter1_5","3","LiZhi","","","喂？老姐，不是说纯度假吗？！","assets/image/bg_hotel_room.png"
"opening_chapter1_5","4","LiZhiSister","","","哎呀，这每年峰会又要组织，每年又讨论不出什么，纯浪费时间，我又是一开始的创办人之一，所以公司每年又必须要派代表过去，你就将就一下吧，反正也不用你做什么，你就在五星级套房里吹空调喝咖啡，顺便带雯雯吃大餐，房费姐全包了。行了，我在敷面膜，别吵我，拜~","assets/image/bg_hotel_room.png"
"opening_chapter1_5","5","LiZhi","","","挂的真快啊……","assets/image/bg_hotel_room.png"
"chapter1_free_explore","1","LiZhi","","","好了，先四处转转，熟悉一下这家大酒店。",""
"chapter1_free_explore","2","","","","（点击场景中的可交互物件进行调查，收集到的线索会记录在侦探笔记里，按 Tab 键可以随时查看。）",""
"crime_found","1","ZhangChengyu","","","李志？你怎么在这儿？",""
"crime_found","2","LiZhi","","","我现在是'澜星特聘高级安全顾问'。许晴岚给我弄的身份。",""
"crime_found","3","ZhangChengyu","","","……行。既然你来了，别乱碰现场的东西。",""
"crime_found","4","ZhangChengyu","","","死者严成峰，51岁，磐安智能原始股东董事。被发现倒在客房内。",""
"crime_found","5","LiZhi","","","有意思。让我看看……",""
"crime_deduction","1","LiZhi","","","把线索串起来。",""
"crime_deduction","2","LiZhi","","","温控面板记录：凌晨3点，房间温度被远程骤降到16度。",""
"crime_deduction","3","LiZhi","","","一个重度哮喘病人，在16度的房间里，急救吸入器却不见踪影。",""
"crime_deduction","4","LiZhi","","","床头柜空空如也——本该不离身的吸入器，被人提前拿走了。",""
"crime_deduction","5","LiZhi","","","而他的测试服系统里，有一份凌晨推送的数据包，签名是内部技术账号。",""
"crime_deduction","6","LiZhi","","","能远程改温控、能往测试服塞指令、又能神不知鬼不觉拿走吸入器的人……",""
"crime_deduction","7","LiZhi","","","不是外人。是这栋楼里、有权限、也最有动机的那个。",""
"crime_deduction","8","LiZhi","","","凶手，就是你。",""
"crime_ending_true","1","LiZhi","","","周文。",""
"crime_ending_true","2","ZhouWen","","","……你凭什么这么说？",""
"crime_ending_true","3","LiZhi","","","凌晨3点，你用技术账号把房间温控降到16度，又往严成峰的测试服推了条指令。",""
"crime_ending_true","4","LiZhi","","","他哮喘发作，摸向床头柜——吸入器早被你拿走。他跌跌撞撞想去开窗，却从25楼坠了下去。",""
"crime_ending_true","5","ZhangChengyu","","","……严成峰昨天放话，'明天让你卷铺盖滚蛋'。",""
"crime_ending_true","6","ZhangChengyu","","","你赌他一倒，你那些事就没人追究了？",""
"crime_ending_true","7","ZhouWen","","","我只是……不想连累家里人……",""
"crime_ending_true","8","ZhangChengyu","","","带走。剩下的交给法院。",""
"crime_ending_true","9","LiZhi","","","（黄昏事务所的灯，今晚可以早点熄了。）",""
"of_bookshelf","1","LiZhi","","","书柜里几乎被一位名叫'秋白'的作者填满。封皮起了毛边，显然被反复翻阅过。",""
"of_bookshelf","2","LiZhi","","","'秋白'……这名字有点耳熟。陈姐生前啃这些推理小说，对密室和不在场证明的套路，怕是比我还熟。",""
"of_desk","1","LiZhi","","","桌上散落着未结案的委托档案，还有几个空泡面杯——陈姐最近接的活儿不少。",""
"of_desk","2","LiZhi","","","这些案子大多不了了之。她总说，有些真相，当事人并不想知道。",""
"of_bed","1","LiZhi","","","这张地铺很小，这段时间都由雯音睡在这里。",""
"of_bed","2","LiZhi","","","我这个当舅舅的，连张像样的床都给不了她……等这案子了了，带她离开这个破地方。",""
"of_lamp_mislead","1","LiZhi","","","暖黄的灯光，是这间事务所唯一的温度。",""
"of_lamp_mislead","2","LiZhi","","","（戳了戳灯罩）可惜这玩意儿和案子八竿子打不着。",""
"of_lamp_mislead","3","LiZhi","","","线索不会藏在'舒服'的地方。我得去翻翻别处——比如那个衣柜。",""